WEEK,tot_sales,tot_Profit,FULLCUST,tot_sales_change,tot_Profit_change,Cus_Change,NSALE1,NSALE2,NSALE3,NSALE4,NSALE5,NSALE6,NSALE7,Price1,Price1,Price3,Price4,Price5,Price6,Price7
1,47785.26303,15272.96593,1744126.375,0,0,0,0,0,0,0,0,0,0,0.913804552,0.88455229,1.778123292,0.891331181,1.579051359,3.401774741,0.813336508
2,74035.54751,16096.12122,1861445,26250.28448,823.1552894,117318.625,0,0,0,0,0,0,0,0.753282772,0.75,1.774949062,0.888934895,1.575336181,3.399962435,0.811435411
3,54043.75205,13009.49643,1783348.75,-19991.79546,-3086.624793,-78096.25,0,0,0,0,0,0,0,0.753156874,0.88301501,1.772640103,0.777794206,1.574000551,3.397683585,0.810367311
4,55369.52754,13493.73737,1831941.625,1325.77549,484.2409416,48592.875,0,0,0,0.229854529,1,0,1,0.918930104,0.75,1.77497987,0.777612526,1.437509137,3.397284041,0.686467557
5,80061.52817,14168.04199,1818942.625,24692.00062,674.3046211,-12999,1,0,0,0,1,0,0,0.69,0.883008022,1.766870036,0.888277166,1.43422161,3.389411315,0.811198095
6,41998.24689,11323.02045,1742907,-38063.28127,-2845.021538,-76035.625,0,0,0,1,0,0,0,0.920426157,0.889399195,1.771995481,0.757304058,1.437661843,3.397876987,0.816245365
7,43224.01471,11790.32475,1893556,1225.767813,467.3042955,150649,0,0,0,0.230890763,0,0,0,0.919857211,0.887852121,1.771916796,0.757195701,1.572762665,3.395601033,0.804226714
8,68175.66328,15538.87677,1840299,24951.64857,3748.552024,-53257,0,0,0,1,0,0,0,0.75,0.890519114,1.771604537,0.75725359,1.572683182,3.39616229,0.807991807
9,44714.45122,14193.88673,1734400,-23461.21206,-1344.990045,-105899,0,0,0,0,0,0,0,0.917023859,0.887810569,1.770944661,0.891700598,1.571772594,3.392756273,0.803745061
10,45836.57051,13655.29383,2136443,1122.119289,-538.5929017,402043,0,0,0,0.227666952,0,0,1,0.914852944,0.884012434,1.774430242,0.860702758,1.5743477,3.397409791,0.741393867
11,35948.13169,9509.165369,1603082,-9888.438824,-4146.128458,-533361,0,0,0,0,0,0,0.670145099,0.778599386,0.886075077,1.773005755,0.862782913,1.572622197,3.398244898,0.743532434
12,102109.1266,17429.03393,1753754,66160.99494,7919.868562,150672,0,1,0,0.230678172,0,0,1,0.913714835,0.68654293,1.769101993,0.861491854,1.413595704,3.392728317,0.743253939
13,42146.0194,11234.60778,1784001,-59963.10723,-6194.426152,30247,0,0,0,0.231798386,1,0,1,0.839178164,0.883546059,1.771667963,0.860634122,1.414110199,3.397878105,0.742406139
14,45820.44501,12335.94,2069112,3674.425607,1101.332225,285111,0.790825684,0,0,0,0,0,0.351814984,0.838769334,0.883700897,1.771756108,0.860949567,1.414221882,3.397870731,0.741877064
15,32135.86087,9066.596882,1793829,-13684.58414,-3269.343121,-275283,0.209362123,0,0,0,0,0,0,0.842239556,0.888723467,1.771826147,0.864420268,1.572851388,3.398710772,0.803942235
16,42103.36794,11959.03479,1786344,9967.507069,2892.437905,-7485,0.767195867,0,0,0.226122875,0,0,0,0.842419692,0.887245517,1.769166529,0.864682289,1.570445165,3.393809294,0.8044957
17,132907.2919,24855.03467,1681072,90803.92391,12895.99988,-105272,0,0,0,0.258784112,0,0,0,0.75,0.882358539,1.767139718,0.854252364,1.568950689,3.389101483,0.799470672
18,100728.2917,18299.53714,1704080,-32179.00019,-6555.497531,23008,0,0,0,0,0,0,1,0.91145382,0.881106229,1.770371989,0.886636553,1.5717646,3.394043549,0.49
19,68649.02099,14143.37491,1749835,-32079.27067,-4156.162225,45755,0,0.69496744,0,0,0,0,0,0.915560448,0.780374511,1.76934119,0.69,1.570319147,3.395200939,0.801767552
20,56843.16774,11963.28787,1857926,-11805.85325,-2180.087047,108091,0,0.695472091,0,0,0,0,0,0.916919462,0.780012349,1.771180791,0.69,1.572241015,3.395181654,0.731927746
21,50316.07927,10493.33973,1841071,-6527.088472,-1469.948135,-16855,0,0.694379506,0,0.770686633,0,0,0.647139789,0.907625596,0.779715128,1.770478169,0.69,1.501391942,3.393055127,0.727934341
22,43351.41379,11174.69805,1859444,-6964.665479,681.3583176,18373,0,0,0,0,0,0,1,0.913716335,0.887054125,1.771966968,0.771600476,1.502666652,3.396367296,0.730479435
23,58401.22323,16220.33691,1811747,15049.80944,5045.638856,-47697,0,0,0,0,0,0,1,0.90972986,0.883736202,1.770699733,0.888777948,1.501438002,3.394359587,0.729040521
24,301400.4961,70206.42315,1704668,242999.2729,53986.08625,-107079,0,0,0,0,1,0,0.343941261,0.906251844,0.777144708,1.768109334,0.88633588,1.39,3.391485866,0.728656333
25,117360.5202,11852.00869,1774193,-184039.9759,-58354.41447,69525,0,0,1,0,1,1,0,0.59,0.885744525,1.59,0.890993257,1.39,3.273007713,0.730067388
26,115196.913,6896.318731,1783720,-2163.607229,-4955.689955,9527,0.215105583,0,0.775340514,0.771135656,1,1,0,0.59,0.883411084,1.59,0.59,1.39,3.271194373,0.729161023
27,107017.9174,13905.69068,1861516,-8178.995572,7009.371946,77796,0.208680754,0,0.775920939,1,1,0,1,0.69,0.887822817,1.59,0.59,1.370879054,3.3945092,0.731028986
28,57347.90435,12582.57157,1801250,-49670.01306,-1323.119103,-60266,0,0,0.774088466,0,1,0,1,0.69,0.885324325,1.611358766,0.892567998,1.370401975,3.392345758,0.685577667
29,69425.91609,12552.61399,1797034,12078.01174,-29.95758124,-4216,0,1,0,0,1,0,0,0.908831588,0.665454178,1.611397125,0.895773176,1.371013234,3.394070043,0.685699631
30,45799.90834,10275.4526,2020259,-23626.00775,-2277.161393,223225,0.225238278,0.303511008,1,0,1,0,0,0.778599861,0.666666667,1.611099376,0.89199276,1.369914241,3.391463059,0.801069901
31,49059.69034,10904.04417,1950609,3259.782002,628.5915674,-69650,1,0.696430632,1,0.230716568,1,0,0,0.778869623,0.666666667,1.611453655,0.779172286,1.370731274,3.190000001,0.806040692
32,47670.98228,8947.924714,1754797,-1388.708055,-1956.119452,-195812,0.220594768,1,0.220450666,0.770901358,0,0,1,0.68494075,0.666666667,1.607220657,0.77859098,1.490668185,3.190000001,0.685188802
33,47461.89735,10695.98794,1828972,-209.0849341,1748.063229,74175,1,0,0,0.232087216,0,0,0,0.683372962,0.876328762,1.764459981,0.778075271,1.496209434,3.379894088,0.792695346
34,40219.70774,11835.86641,1836726,-7242.189611,1139.878462,7754,0,0,0,0,0,0,0,0.895435005,0.877008189,1.766042255,0.777847636,1.497769814,3.380185832,0.790790915
35,37505.78684,7512.596605,2005393,-2713.920898,-4323.269801,168667,1,0,0,0.772695247,0,0,0,0.687365201,0.707950841,1.767791204,0.777972516,1.39,3.380774631,0.791238462
36,37790.91725,7352.657067,1916922,285.1304048,-159.9395372,-88471,1,0,0,0,0,0,0,0.686422528,0.701642621,1.769341407,0.777441267,1.39,3.385112427,0.792068563
37,41064.89991,8697.631354,1991256,3273.982668,1344.974287,74334,1,0.332873722,0,0,0,0,0,0.695100269,0.703202333,1.771175474,0.895395351,1.501909109,3.394556214,0.805241602
38,46562.77336,10137.72983,1947663,5497.873449,1440.09848,-43593,1,0.694217979,0,0,0,0,0,0.695459339,0.707885059,1.771699251,0.897808755,1.502423918,3.396066921,0.80783544
39,50800.70582,13699.684,1923901,4237.93246,3561.954165,-23762,0,0,0,0,0,0,0,0.907065108,0.887534237,1.772371211,0.895220556,1.50325928,3.397505837,0.685593538
40,70669.17339,15436.42171,1988756,19868.46757,1736.737711,64855,0,1,0,0,0,0,0,0.9071006,0.84422896,1.770296812,0.69,1.39,3.392232292,0.801060386
41,72547.13396,19145.31451,1936070,1877.960573,3708.892799,-52686,0.767145432,0.693742642,0,0,0,0,0,0.77959682,0.844910711,1.771896378,0.897613332,1.39,3.395528344,0.803818097
42,51250.87288,13964.13847,2280015,-21296.26109,-5181.176036,343945,0.765512585,0.308796795,0,0,0,0,0,0.779592825,0.845300644,1.77210868,0.898223111,1.39,3.394739206,0.807516425
43,89173.72967,15084.28926,1923100,37922.85679,1120.150783,-356915,0,1,0,0.232995645,1,1,0,0.90738463,0.843003268,1.772515301,0.59,1.39,3.265599725,0.803147732
44,51938.03338,15647.95694,1903706,-37235.69629,563.667683,-19394,0,0.308341846,0,0,0,1,0,0.911805478,0.845376721,1.772087058,0.898327058,1.502928219,3.26475854,0.74158985
45,57744.34956,14754.25,1957019,5806.316179,-893.7069359,53313,0.231965015,0.306120492,0,0,0,0,0,0.779068522,0.847165958,1.77241496,0.89990208,1.503223211,3.264733343,0.743205727
46,51842.53612,13032.88987,1928595,-5901.813438,-1721.360136,-28424,0,0.692459513,0,0,0,1,0,0.778980263,0.846813163,1.772773439,0.899650915,1.503348565,3.26480045,0.685874952
47,49245.79147,12905.10721,1927308,-2596.74465,-127.7826594,-1287,0,0.695525035,0,0,0,1,0,0.778880772,0.843866142,1.767582765,0.894768561,1.499752448,3.257985133,0.685685388
48,48728.9785,10363.63518,1857573,-516.8129704,-2541.472027,-69735,0.769144765,0,0.224691394,0,0,0,0,0.665058037,0.889966209,1.611955301,0.896955678,1.501798919,3.39248965,0.685799052
49,62952.0123,14326.57193,1941010,14223.0338,3962.936747,83437,0.765053711,1,0.77599283,0,0,0,0,0.665687712,0.778785179,1.61153895,0.898288757,1.500918057,3.190000001,0.808564057
50,74102.40088,16497.53971,1946640,11150.38858,2170.96778,5630,1,0,1,0.767863394,1,1,0,0.663492023,0.888213096,1.612255263,0.69,1.29,3.190000001,0.806239902
51,88626.73695,15297.61496,2048424,14524.33606,-1199.924749,101784,1,0,1,1,1,0,0,0.69,0.894390335,1.612090919,0.69,1.29,3.190000001,0.8148088
52,66725.57662,11336.85651,1821132,-21901.16032,-3960.758445,-227292,0.765547061,0.308449923,0.770244471,0.232731528,1,1,0,0.91357398,0.666666667,1.611207436,0.69,1.29,3.190000001,0.811275994
53,52287.78109,12301.02884,1866621,-14437.79554,964.1723275,45489,0,1,0,0,0,0,0.641838625,0.913412731,0.666666667,1.771006144,0.899008603,1.501900718,3.39255458,0.682654549
54,317945.2982,90866.15834,1916256,265657.5171,78565.1295,49635,0.233346817,1,0,0,0,0,0.352594543,0.778896466,0.666666667,1.771213798,0.900968106,1.502169939,3.391886065,0.686073531
55,44523.77265,12061.53835,2033433,-273421.5255,-78804.61998,117177,0.767386841,1,0,0,1,0,0,0.779416992,0.666666667,1.77042266,0.903849207,1.371068207,3.392322415,0.815010066
56,45077.16156,14674.08946,1878402,553.3889164,2612.551106,-155031,0,0,0,0.23184587,1,0,0,0.914423899,0.89120896,1.769519725,0.779039113,1.370681845,3.388200783,0.811844268
57,53198.2881,17862.31468,1884862,8121.126536,3188.225223,6460,0,0,0.258235867,0.232865264,0,0,0,0.914916371,0.893548486,1.69,0.779015696,1.371966305,3.395283501,0.814598449
58,71677.64162,16328.63181,1908455,18479.35352,-1533.682878,23593,1,0.591103785,1,0,1,0,0,0.687161052,0.720901628,1.69,0.779136116,1.371244751,3.393688127,0.811095239
59,49968.03424,11776.40525,1999585,-21709.60738,-4552.226552,91130,0.233928465,0.303817887,0.851143058,0,0,0,0.359598348,0.69,0.721503906,1.69,0.902041751,1.502971833,3.393666838,0.684864315
60,55746.28965,13747.01203,1829677,5778.255406,1970.606781,-169908,0.766799585,1,0.13949396,0,1,0,0,0.69,0.71887904,1.69,0.901342204,1.39,3.394596185,0.813708786
61,37858.85755,11329.41751,1740329,-17887.4321,-2417.594521,-89348,0,0.6906068,0,0,1,0,0,0.916476062,0.724719012,1.738467469,0.903704836,1.39,3.40270182,0.815823709
62,37244.47939,12662.23858,2377478,-614.3781593,1332.821069,637149,0,0,0,0,1,0,0,0.912980156,0.892261462,1.733221253,0.900749118,1.39,3.400136664,0.812617346
63,29895.87327,9983.063287,1686361,-7348.606121,-2679.175296,-691117,0,0,0,0,0,0,0,0.915058045,0.894144619,1.756009858,0.90262583,1.39,3.401881636,0.814365289
64,45356.57836,14657.37403,2069503,15460.7051,4674.310746,383142,0,0,0,0,0,0,0,0.898685246,0.893623795,1.739081719,0.902213447,1.39,3.40443154,0.813864895
65,35570.24318,11776.82853,1997131,-9786.335186,-2880.545506,-72372,0,0,0,0,1,0,0,0.898586202,0.893540492,1.739572734,0.902153213,1.39,3.395845382,0.813670898
66,36520.67802,12097.6625,2136640,950.4348467,320.8339753,139509,0,0,0,0,1,0,0,0.899461339,0.894485787,1.743364999,0.902926611,1.39,3.364779293,0.809846939
67,26593.50193,8822.59923,2065704,-9927.176093,-3275.063273,-70936,0,0,0,0,0,0,0,0.897206637,0.892546732,1.789057185,0.900977274,1.39,3.34940092,0.807202911
68,29858.77525,9209.135186,1903647,3265.273319,386.5359564,-162057,0,0,0,0,1,0,0,0.901145152,0.896372051,1.744921523,0.905244738,1.39,3.339396804,0.794409038
69,42352.25326,12856.82755,2026257,12493.47801,3647.692359,122610,0,0,0,0,1,0,0.628538156,0.897966599,0.893190153,1.774632242,0.901988584,1.39,3.34082274,0.790485032
70,37968.93925,12236.35252,1827170,-4383.314012,-620.4750293,-199087,0,0,0,0,0,0,0,0.898883478,0.893758634,1.784595525,0.901835838,1.50813723,3.36958421,0.794096967
71,52445.6443,13739.83731,1893600,14476.70505,1503.48479,66430,0.23319801,0.279561775,0,0,0,0,0,0.779001228,0.793215094,1.741209389,0.902537447,1.506067239,3.353160369,0.7951406
72,84712.07089,5286.965022,1828941,32266.42658,-8452.872283,-64659,0.766876741,0.896824463,0,0,0,0,0,0.59,0.792722359,1.775646623,0.902144828,1.50644598,3.364679206,0.802161257
73,40342.53407,12172.16348,2139977,-44369.53681,6885.198457,311036,0,0.276589391,0,0,0,0,0,0.899009703,0.793166983,1.710000001,0.902542148,1.505864696,3.329217905,0.800547845
74,212920.6296,80822.36356,1856575,172578.0956,68650.20008,-283402,0.232297742,0.089888033,0,0,1,0,0,0.4349303,0.894485787,1.710000001,0.902926611,1.39,3.396506764,0.801045664
75,67604.14944,20520.98257,1824347,-145316.4802,-60301.38099,-32228,1,0,0,0,0,0,1,0.902641563,0.898329789,1.785986454,0.906733151,1.39,3.412890554,0.49
76,205960.5336,179345.8465,1841546,138356.3841,158824.8639,17199,0,0.35685616,0,0,1,0,0,0.90115592,0.29,1.782892494,0.904109072,1.39,3.407572541,0.800395671
77,115758.3453,13307.18723,1979772,-90202.18833,-166038.6593,138226,0,0,0,0.768636698,1,0,0,0.90115592,0.895749836,1.780120538,0.59,1.39,3.409939482,0.798609697
78,37555.60259,11509.64901,1739408,-78202.74266,-1797.538214,-240364,0,0,0,0,0,0,0,0.899065046,0.893993397,1.778829113,0.90256006,1.506122058,3.407704907,0.796441575
79,59159.45512,11070.25537,2079329,21603.85252,-439.3936459,339921,0.230527967,1,0,0,0,0,0,0.905113155,0.661165099,1.781195918,0.908469043,1.508012047,3.413328306,0.800826006
80,54242.68109,9658.961156,1949407,-4916.774022,-1411.294211,-129922,1,0.785778915,0,0,0,0,0,0.686373389,0.666666667,1.777212337,0.899601376,1.50467881,3.412178877,0.794073567
81,45689.36707,10770.6263,2081038,-8553.314021,1111.665146,131631,0.767391133,0,1,0.231467057,0,0,0,0.69,0.892145561,1.59,0.902596717,1.506024248,3.413665293,0.796533989
82,40325.79051,12036.7523,1879900,-5363.576559,1266.125995,-201138,0,0.081045495,1,0,0,0,0,0.901915185,0.902176687,1.59,0.823901489,1.490481768,3.412359734,0.798839043
83,42538.28868,12364.50756,1949700,2212.498172,327.7552624,69800,0.769637749,0,0,0,0,0,0.582407789,0.903041043,0.914044161,1.775868917,0.825792245,1.505684979,3.412362054,0.720233587
84,49612.29573,13544.25663,1984531,7074.007046,1179.74907,34831,0,0,0,0.231467057,0,0,0.736289885,0.903902208,0.914439594,1.776280258,0.724157467,1.506024248,3.407920353,0.720637348
85,55113.82486,13758.5558,1966961,5501.52913,214.2991669,-17570,1,0,0,0.231207063,1,0,0.617704424,0.780462441,0.915676132,1.775038049,0.724395609,1.442406432,3.410555578,0.799170686
86,59807.90413,15916.42661,2138785,4694.079265,2157.870809,171824,0.766032574,0,0.779659859,0.236714797,0,0,0,0.78037036,0.915179593,1.651775034,0.784816209,1.442631192,3.415594603,0.80366389
87,57116.05116,11263.98599,2131352,-2691.852969,-4652.440616,-7433,0,1,1,0.232515347,0,0,0.126278878,0.779774851,0.69,1.650905326,0.781796973,1.442437584,3.408398378,0.800492802
88,48004.47471,11950.11963,1993190,-9111.576449,686.1336365,-138162,0,0.929137474,1,0.231447977,0,0,0,0.898719275,0.69,1.651617312,0.789980656,1.506835876,3.41151313,0.802362181
89,36056.52549,10400.03345,2155019,-11947.94922,-1550.086177,161829,0,0,1,0.769123352,0,0,0,0.893414721,0.834344349,1.649110471,0.78845667,1.501760475,3.399620225,0.797433623
90,46198.12378,13540.03058,2118256,10141.59829,3139.997127,-36763,0,0.146460785,1,0,0,0,0,0.898970756,0.836360481,1.650702092,0.791414629,1.504765384,3.408528271,0.802398304
91,39784.34228,9646.482649,2059015,-6413.781497,-3893.547926,-59241,0,0,0,0,0,0,0,0.765718823,0.834356181,1.774241834,0.789913612,1.504714522,3.408209108,0.676207668
92,48604.5324,11712.3763,1998690,8820.190125,2065.893655,-60325,0.767702258,0,0,0,1,0,0,0.767118584,0.837605462,1.775038049,0.829621554,1.368862014,3.40957561,0.679633239
93,59751.66686,11459.83568,2013834,11147.13446,-252.5406226,15144,0,0,0,0.175736464,0.779589147,0,0,0.639269206,0.824931033,1.774629614,0.751009893,1.368748487,3.407836546,0.677690832
94,54308.29334,9560.241251,2139472,-5443.373524,-1899.59443,125638,0.180787693,0.147192866,0,0.764574718,0.780398899,0,0,0.642533497,0.771265814,1.775038049,0.753102187,1.368862014,3.4088882,0.679633239
95,39773.32033,7487.054721,1949677,-14534.97301,-2073.18653,-189795,0.769519644,0.113795162,0,0,0,0,0,0.64856815,0.772848804,1.775536037,0.829227131,1.369264338,3.408877373,0.655778944
96,43732.71559,10125.99717,2032719,3959.39526,2638.942452,83042,0,0,0,0.177994511,0,0,0.765337541,0.764794965,0.831974691,1.773479145,0.822023658,1.504206776,3.407429658,0.529873828
97,50624.52398,11896.10335,1980400,6891.808382,1770.106177,-52319,0,0,0,0.583710731,0,0,0.263741312,0.758860631,0.83209919,1.772100413,0.751300726,1.502537125,3.397657063,0.534169671
98,44491.84035,10556.83021,2096034,-6132.683621,-1339.273137,115634,0,0,0,0.178601284,0,0,0,0.7635889,0.83209919,1.772100413,0.753480459,1.518989207,3.398109321,0.676262749
99,47472.58482,9725.969045,2105895,2980.744469,-830.8611682,9861,0.179855341,0,0,0,0,0,0,0.763267641,0.80679077,1.77909149,0.7818937,1.520666707,3.396082118,0.642147745
100,53458.59718,9605.688815,1962490,5986.012352,-120.2802298,-143405,0,0.751630875,0,0.764574718,0,0,0.005420366,0.774938539,0.69,1.781309245,0.782649724,1.522708176,3.397573224,0.643422059
101,43726.2771,9514.009516,1962608,-9732.320076,-91.67929869,118,0,0.624737353,0,0.579578463,0,0,0,0.829370078,0.690010911,1.767345202,0.785136195,1.519860793,3.376917979,0.682382873
102,49022.16739,10689.34819,2054413,5295.89029,1175.338679,91805,0.180168242,0.113033751,0.179394548,0,0,0.73662587,0,0.829662126,0.69657925,1.653775259,0.840772607,1.510595932,3.239226789,0.68224411
103,66119.33081,12844.6735,2020983,17097.16342,2155.325303,-33430,0,0.744808075,0,0,0,0.741356828,0,0.836395813,0.69,1.659021965,0.844442382,1.513069765,3.243506929,0.684695662
104,136868.859,26391.58211,2005664,70749.52824,13546.90862,-15319,0.583556985,0.740427182,0.76651312,0,0,0,0,0.68646713,0.694662301,1.644421354,0.830777103,1.511544682,3.243507811,0.807878898
105,50708.62172,14512.22262,2042842,-86160.23733,-11879.35949,37178,0,0,0.771890976,0,0,0.74360185,0,0.822302712,0.831224336,1.5,0.785095217,1.509331354,3.239986619,0.803371547
106,53196.90463,13725.34337,2039104,2488.282908,-786.8792484,-3738,0.621081925,0.012012276,0.597623455,0,0,0.570777648,0,0.743049263,0.804579376,1.522454113,0.771212565,1.509986367,3.256443139,0.779413648
107,45939.9289,12677.2203,1895518,-7256.975735,-1048.12307,-143586,0,0.741204641,0,0.865865717,0,0,0,0.833994778,0.741767545,1.77739548,0.728324691,1.510717783,3.398473071,0.780932542
108,38992.01197,10758.28653,1981458,-6947.916923,-1918.933776,85940,0,0.860699142,0,0.73384264,0,0,0,0.832630212,0.741422237,1.778312068,0.731358292,1.511166796,3.401033391,0.779369988
109,40928.75443,11443.62887,1935371,1936.742455,685.3423446,-46087,0,0.86507324,0.019479702,0,0.017342199,0,0.040985088,0.829629239,0.725439411,1.709711594,0.785340643,1.505870251,3.417082412,0.815033351
110,58877.05329,14811.17779,2178004,17948.29887,3367.548921,242633,0.004618757,0.479056756,0.524343513,0,0,0,0.26423694,0.788777217,0.678669564,1.5,0.782017427,1.48551618,3.416391575,0.808049481
111,60993.60329,12107.22289,2140019,2116.549993,-2703.954905,-37985,0.926402426,0.886700305,0.849832184,0,0.966067198,0,0.259062514,0.686138391,0.678465811,1.5,0.779717592,1.374776971,3.414484015,0.808768395
112,44540.63024,9581.794578,1877713,-16452.97305,-2525.42831,-262306,0.927471633,0.45015293,0.390353771,0,0.966405792,0.022821047,0,0.695360784,0.677998134,1.5,0.782017427,1.382540394,3.389962143,0.823759975
113,81217.38668,8647.974913,2006472,36676.75644,-933.819665,128759,0,0.980979527,0.980461333,0.006717928,0.017705471,0.943165382,0.005981916,0.830203444,0.589038994,1.5003756,0.767142263,1.477239727,3.288027596,0.812214881
114,44688.24903,12565.45876,1990230,-36529.13765,3917.483842,-16242,0.004664116,0,0.9577752,0.847383884,0.979296118,0.911452864,0.426560214,0.801384797,0.828828392,1.521281672,0.726417227,1.37317125,3.301992992,0.801961608
115,42438.35609,10381.02615,2431995,-2249.892935,-2184.432605,441765,0.483488868,0,0,0.846066024,0.979664021,0,0.838494179,0.686173906,0.829271059,1.780599838,0.730700856,1.374695819,3.417820769,0.800790157
116,32145.1225,7968.157477,1715724,-10293.23359,-2412.868674,-716271,0.481168562,0.005526991,0,0,0.962561148,0,0.256549365,0.686213473,0.796153677,1.778885022,0.782249254,1.387545306,3.413399502,0.80737147
117,49051.49297,11696.24187,1970439,16906.37047,3728.084388,254715,0.481168562,0.408804874,0.02392235,0.441346042,0.017258101,0.035102806,0.584317354,0.686213473,0.741519842,1.752474498,0.782249254,1.480742109,3.372009856,0.823319959
118,42672.22468,9963.807387,2002062,-6379.268289,-1732.434478,31623,0.93209039,0.773052789,0.946841953,0,0.98355611,0.93959136,0.004974317,0.686283318,0.745809742,1.64429761,0.739673458,1.373342276,3.191834261,0.826535777
119,31456.88849,7106.51454,2160359,-11215.3362,-2857.292847,158297,0.464898961,0,0.815931717,0.414158113,0.983173008,0.369274909,0,0.691579586,0.83028495,1.641227649,0.651794052,1.372252365,3.194897532,0.827658566
120,36667.71167,9731.309354,1980543,5210.823177,2624.794814,-179816,0.004618757,0,0.946549801,0.297645794,0.966405792,0.911506431,0,0.812523057,0.832984789,1.643786454,0.651765147,1.393459085,3.233378281,0.826535777
121,62425.48485,16433.64502,2011829,25757.77319,6702.335669,31286,0.447054238,0,0.494132587,0.301100028,0,0,0.422449793,0.768202775,0.83136316,1.643331563,0.65178566,1.50981711,3.414363551,0.825283622
122,79874.82354,20186.81592,1864750,17449.33868,3753.170899,-147079,0.893320984,0.334715482,0.945167915,0.862058579,0,0,0,0.772296334,0.769894529,1.641370831,0.651815317,1.50824552,3.411005395,0.823152601
123,79282.57098,21538.36954,1965707,-592.2525521,1351.55362,100957,0,0.861002137,0.356196205,0.424851534,0,0,0.13782837,0.836806041,0.772573194,1.645128997,0.651640584,1.510717783,3.417698369,0.815532008
124,44103.96927,12302.49061,2041411,-35178.60171,-9235.87893,75704,0,0,0.929551548,0.301285145,0,0,0,0.837565602,0.834568553,1.659251067,0.652812678,1.51179955,3.419078745,0.828980433
125,38934.11956,11349.07641,1895580,-5169.849717,-953.4142037,-145831,0,0,0,0.810922162,0,0,0,0.837313446,0.834491082,1.779919501,0.665533873,1.505881619,3.416033375,0.828123997
126,34713.14725,10320.48726,1996714,-4220.972308,-1028.589146,101134,0,0,0,0.356454945,0.036326023,0,0,0.836274019,0.832817268,1.778505248,0.665199181,1.475762249,3.412945144,0.82976466
127,59568.96804,16857.12085,2202714,24855.82079,6536.633589,206000,0,0,0.035043992,0.935012359,0.33619388,0.031188196,0,0.832218287,0.834686268,1.764070255,0.656696694,1.420997515,3.41053992,0.828054601
128,79503.38909,27240.03951,1957184,19934.42104,10382.91866,-245530,0.112967885,0,0.981163098,0.011396148,0.351910187,0.975183888,0.000423538,0.816773539,0.83351126,1.672700602,0.766106613,1.42075827,3.379060043,0.824121001
129,191674.5102,65791.04224,1980994,112171.1211,38551.00272,23810,0.578443306,0,0.505589281,0,0.951427993,0.37464569,0.028635211,0.818688795,0.831652749,1.678675707,0.576082194,1.42038828,3.37596827,0.694269114
130,150837.7804,62386.2496,2099286,-40836.72986,-3404.792636,118292,0.027523667,0.104558136,0.029421469,0,0.951427993,0.034818028,0.404341957,0.834805868,0.820812863,1.759121223,0.761245527,1.42038828,3.406309956,0.652623258
131,236040.7658,73273.84371,1996128,85202.98545,10887.59411,-103158,0.038468653,0.963802646,0.370956879,0.022501013,0.951427993,0.975316601,0.404765495,0.722669639,0.393378447,1.640825838,0.655685099,1.42038828,3.373589696,0.670992191
132,88286.3091,8572.024768,1998538,-147754.4567,-64701.81894,2410,0.853942772,0,0.821374942,0.985769406,0.950046465,0.974526373,0.399066464,0.5,0.818363775,1.642999072,0.498314797,1.421554166,3.338626584,0.725377461
133,58816.00422,6413.771874,2039246,-29470.30487,-2158.252895,40708,0.979399695,0,0.821802305,0.97421205,0.360015305,0.423245468,0,0.515821929,0.82445771,1.647494248,0.5,1.412513431,2.989999999,0.822940225
134,42061.53961,9889.700949,1896259,-16754.46461,3475.929075,-142987,0.57059781,0,0,0.974586632,0.983731883,0.975218694,0,0.836696388,0.82711223,1.778124484,0.515124539,1.36879816,2.989999999,0.823719716
135,40106.51353,12252.47849,2123087,-1955.026084,2362.777545,226828,0.440256259,0,0.008200009,0,0.398972995,0.975133154,0,0.835703753,0.777382425,1.763296453,0.779699051,1.375080808,2.989999999,0.82265241
136,38204.3948,10799.01541,2163787,-1902.118722,-1453.463087,40700,0.443375492,0.951771659,0.526485761,0,0,0.418653113,0.579421077,0.836436652,0.647313613,1.672083887,0.780961559,1.509146083,3.000836293,0.788249288
137,41423.5476,12593.09892,1885096,3219.152798,1794.08351,-278691,0.443375492,0.506184149,0.549377578,0,0,0,0.905527477,0.82801443,0.647216104,1.672083887,0.766576198,1.509146083,3.411876295,0.770565454
138,41662.28343,11804.25121,1974981,238.7358287,-788.8477081,89885,0,0.881055222,0.426620074,0,0,0,0.332263157,0.759834328,0.649007611,1.672083887,0.715857864,1.508540756,3.412666505,0.775374464
139,38118.03055,9717.957104,2099150,-3544.252885,-2086.294105,124169,0.411983548,0,1,0.001751325,0,0.009605324,0,0.65486399,0.809321694,1.672948508,0.700517815,1.510526732,3.383691844,0.821644867
140,45170.94615,10637.19482,2289219,7052.915602,919.2377205,190069,0.972476334,0.99855961,1,0.423773518,0,0.444965073,0,0.654817107,0.741664554,1.672083887,0.643589735,1.509146083,3.211420919,0.823719716
141,38358.73627,9188.300229,2157535,-6812.209881,-1448.894595,-131684,0.972476334,0.537551732,0.558387799,0.973786863,0,1,0,0.654817107,0.741664554,1.672083887,0.643589735,1.509146083,3.212180583,0.823719716
142,45834.88425,10777.30028,2329793,7476.14798,1589.000047,172258,0.966576309,0.998885934,1,0.555407978,0,1,0.009941197,0.655625056,0.743708587,1.672419836,0.644003244,1.473025032,3.212047817,0.804271489
143,46050.64965,11046.89446,2040367,215.7653998,269.5941857,-289426,0.966498049,0.112237748,1,0.55388149,0.424784914,1,0.349311274,0.659089772,0.813277894,1.673299696,0.644064285,1.29,3.228110182,0.79321197
144,45623.97657,12309.07417,2021769,-426.6730743,1262.179708,-18598,0,1,0.453713773,0.428284336,0.433115096,0,0.339693007,0.786901769,0.741126955,1.66786132,0.643305018,1.29,3.399739092,0.79692903
145,37951.37087,10100.74893,2129384,-7672.605705,-2208.325235,107615,0,0.919809435,0.461409829,0.85421513,0.446691401,0,0.357105197,0.786967412,0.74371618,1.671622658,0.643840406,1.29,3.409430406,0.781425356
146,44221.17094,11769.86056,2054689,6269.800074,1669.11163,-74695,0.413658895,0.914964945,1,0.969209748,0.419391785,0,0.341760567,0.7404334,0.745337725,1.671699865,0.647218633,1.29,3.412445208,0.766200113
147,38488.77327,10923.40746,2214358,-5732.397674,-846.4531091,159669,0.535747761,0.038235124,0,0.012056335,0.430310386,0,0.338646894,0.743465378,0.830706472,1.775680458,0.698545361,1.297266759,3.408164883,0.767678568
148,35376.79327,10184.27839,2027718,-3111.980002,-739.1290636,-186640,0,0.029869317,0,0.446163423,0,0,0.344454055,0.78811317,0.832188027,1.776167557,0.643764427,1.509278678,3.40789998,0.7649666
149,35700.17863,10332.44166,1980912,323.3853666,148.1632662,-46806,0,0.480363024,0,0.853468419,0,0,0.337891983,0.78814611,0.834921075,1.777933031,0.636406661,1.5094025,3.414243453,0.767997757
150,35004.51196,9619.541093,2072139,-695.6666707,-712.9005655,91227,0,0.480552332,0,0.576242156,0,0,0.336474967,0.787849112,0.832601307,1.780809895,0.592716468,1.509976241,3.418210802,0.768626499
151,41499.57608,9826.85292,1940679,6495.064115,207.3118267,-131460,0.970740715,0.026558421,0,1,0,0,0.337166445,0.6632883,0.819738498,1.779769805,0.592711241,1.509875077,3.417133385,0.768308635
152,51665.57007,10954.05406,2008268,10165.994,1127.201136,67589,0.971184218,1,0,0.449986655,0,0,0.332263157,0.6770017,0.659767666,1.778720198,0.592637279,1.509309905,3.416039182,0.770565454
153,37287.89896,9952.812589,2070750,-14377.67111,-1001.241467,62482,0,0.004035426,0,0.457063886,0,0,0.338271066,0.784117305,0.796645278,1.779448589,0.592709444,1.509565997,3.417046228,0.767707066
154,37699.37998,10112.98634,1979990,411.4810191,160.1737504,-90760,0,0.089872373,0,1,0,0,0.332263157,0.804083748,0.796028864,1.778720198,0.592744844,1.509146083,3.412541716,0.770565454
155,40473.18202,10990.10206,1977040,2773.80204,877.115719,-2950,0.125955126,0.004013701,0,1,0,0,0.335711899,0.80368796,0.796454256,1.778720718,0.592721382,1.509530966,3.41373113,0.776780045
156,36172.31941,9157.359726,2009671,-4300.862605,-1832.742332,32631,0.436852311,0.003977682,0,0.457720868,0,0,0,0.802842721,0.796358645,1.777912229,0.592706158,1.509520934,3.411503977,0.821138135
157,43236.5453,8596.373359,1915946,7064.22589,-560.9863669,-93725,0,0.478151309,0.012805468,0.885181393,0,0,0,0.802153151,0.592630195,1.762709747,0.605338545,1.509795601,3.414784974,0.818037961
158,83688.31354,14557.08928,1996239,40451.76824,5960.715917,80293,1,0.547643521,1,0.434650907,0,0,0,0.588991603,0.59268833,1.685759901,0.714865489,1.509222141,3.412131417,0.820632999
159,34829.90576,9445.686295,2060895,-48858.40779,-5111.402981,64656,0.011909695,0.915337784,0.997574458,0,0,0,0,0.804004547,0.605005663,1.687582975,0.713401984,1.508387404,3.410947804,0.821015299
160,34837.54342,9683.224602,2111009,7.637661303,237.5383069,50114,0,0,0,0.574899556,0,0,0.33013523,0.800669888,0.797016429,1.776539761,0.592724642,1.507730412,3.412145277,0.821961158
161,58370.02214,9392.61509,2000339,23532.47873,-290.6095125,-110670,0,1,0,0.420303138,0,0,0,0.803330188,0.59,1.77621375,0.713446093,1.507512539,3.410777128,0.821961158
162,42076.07719,13663.94195,2207720,-16293.94495,4271.326864,207381,0,0,0,0,0,0,0.33013523,0.803976469,0.795777034,1.776302362,0.713446093,1.507730412,3.410212882,0.769248934
163,35129.40159,10971.04192,2087015,-6946.6756,-2692.900029,-120705,0,0.384623738,0,0.421527462,0,0,0,0.804094781,0.796467781,1.776784893,0.713665535,1.508131567,3.41260919,0.821005547
164,49282.88344,10577.9197,2003374,14153.48184,-393.1222287,-83641,1,0.83492267,0,0.119722472,0,0,0,0.59,0.795948914,1.776302362,0.713446093,1.507730412,3.411084285,0.821749518
165,39806.66154,10281.54696,1968812,-9476.22189,-296.372734,-34562,1,0.382580789,0,0,0,0,0,0.637729626,0.796423066,1.776302362,0.713446093,1.507730412,3.403083094,0.821961158
166,35354.82295,12002.76893,1917450,-4451.838595,1721.221971,-51362,0,0.380406373,0,0,0,0.974656898,0,0.803855292,0.796501147,1.777146333,0.713446093,1.507512539,3.348634109,0.821961158
167,35614.30907,12192.52108,2406463,259.486119,189.7521502,489013,0,0,0.005391879,0,0,0.97484292,0,0.803976469,0.796694429,1.76394282,0.713446093,1.507730412,3.352253744,0.821961158
168,27106.54027,9378.096427,1772688,-8507.768794,-2814.424657,-633775,0,0.358876515,1,0,0,0,0,0.803500843,0.796440337,1.694846418,0.713256001,1.507730412,3.41416496,0.821961158
169,47553.90042,13813.29201,1990984,20447.36014,4435.195588,218296,0.559972369,0.358876515,1,0.574899556,0,0.007812128,0,0.646693486,0.796458355,1.695005607,0.59,1.507730412,3.379752514,0.821100853
170,37485.75915,10875.06612,1974978,-10068.14126,-2938.22589,-16006,0.559972369,0.003880999,1,0,0,1,0,0.646693486,0.792609595,1.694846418,0.713446093,1.507512539,3.213051784,0.825387069
171,31054.56284,11194.52028,2380263,-6431.196309,319.4541558,405285,0.122444603,0.163704541,0.999019977,0,0,0.992660596,0,0.804646659,0.758985958,1.701864819,0.71441618,1.509818548,3.232174776,0.840914955
172,28042.51008,10090.52595,1798664,-3012.052761,-1103.99433,-581599,0,0.162174181,0.071534444,0.425100444,0,0,0,0.803775499,0.758720146,1.705681204,0.713446093,1.507730412,3.412257753,0.844657817
173,85372.49536,21180.46235,1880261,57329.98528,11089.9364,81597,0,0.162710246,0.99471847,0.122488716,0,0,0,0.803775499,0.763853672,1.618289624,0.655287709,1.507730412,3.411551397,0.844657817
174,83894.96908,18673.83283,1911423,-1477.526283,-2506.629515,31162,0.005522792,0.396766801,1,1,0.416520293,1,0.430407061,0.705066132,0.70429929,1.697483301,0.59,1.453859678,3.357357352,0.763609905
175,45585.9455,14405.61624,1913221,-38309.02357,-4268.21659,1798,0,0,0.08844637,0,1,0,0.563833323,0.803775499,0.797016429,1.705211691,0.713278329,1.453859678,3.41256081,0.843662756
176,63707.79679,20165.5253,1976232,18121.85129,5759.909052,63011,0,0.986623098,1,0,1,0,0.411355971,0.803775499,0.688785887,1.59,0.713349372,1.454639089,3.411084285,0.840410554
177,51960.87118,16356.35936,1915817,-11746.92562,-3809.165939,-60415,0,0.915048881,0.464356101,0,1,0,0,0.803775499,0.68990591,1.61239459,0.713446093,1.456946249,3.411480782,0.839710054
178,34708.78794,11697.54697,1922775,-17252.08323,-4658.812387,6958,0,0,0,0,0,0,0.003951259,0.800575496,0.796814538,1.780077009,0.713425266,1.507375042,3.420569604,0.839409884
179,45965.9411,15158.80105,2025957,11257.15316,3461.254083,103182,0,0,0,0,0,0,0.45241142,0.803388259,0.797016429,1.807661876,0.728300871,1.497738494,3.463919398,0.702742314
180,94288.09238,20216.21977,1804675,48322.15128,5057.418719,-221282,0,0,0,0.570679519,1,0,0.038876835,0.803775499,0.793433992,1.808275833,0.589681074,1.453859678,3.462624547,0.793888146
181,201475.4374,-33965.31399,2085160,107187.345,-54181.53376,280485,0,1,0.010257849,0.574242489,1,0,0.827645788,0.802183495,0.389423734,1.783102722,0.59241964,1.450682692,3.455949916,0.757354942
182,43813.41641,14532.85756,1952339,-157662.0209,48498.17155,-132821,0,0.013023246,1,0,1,0,0.966246573,0.803775499,0.774411306,1.669958978,0.725711545,1.454233784,3.462985485,0.75685035
183,72038.35608,7918.896787,1899352,28224.93967,-6613.960772,-52987,1,0.996056526,1,0.859020597,1,0.003239765,0.427371978,0.5,0.684879437,1.669959198,0.59,1.453859678,3.446489322,0.758436603
184,43611.87307,9743.872698,1979818,-28426.48301,1824.975911,80466,1,0.995945241,0.997534641,0,1,1,0.454740609,0.589959509,0.688887332,1.676443899,0.728312842,1.454706338,3.33289967,0.746156611
185,40425.57498,9024.255326,1963744,-3186.298091,-719.6173726,-16074,1,0,0.373060069,0.477789299,1,1,0.631188958,0.589891707,0.796007951,1.808275833,0.727883376,1.435828616,3.332155227,0.745676522
186,45910.78081,9513.008326,1982027,5485.20583,488.7529998,18283,1,0,0.641442261,0.615369188,0.520913318,0.548026276,0.477490993,0.601937869,0.796917847,1.59,0.59,1.36,3.332155227,0.740821142
187,34195.05943,10324.75961,2081587,-11715.72138,811.7512836,99560,0.952512733,0,0,0.454762555,1,1,0.963843337,0.729085813,0.797282041,1.808275833,0.728471532,1.36,3.332462606,0.737734441
188,34722.72662,10656.21034,1935682,527.6671887,331.4507293,-145905,0.236423783,0,0,0,1,0.978335666,0.954547173,0.728880737,0.798613866,1.808275833,0.728471532,1.36,3.35014461,0.739025778
189,33832.94394,10342.73362,2071574,-889.7826806,-313.4767179,135892,0.258608985,0,0,0,1,0,0.428963309,0.735078415,0.798679904,1.808565228,0.728203876,1.36,3.463180626,0.81943296
190,57482.15158,13066.66525,2027212,23649.20765,2723.931632,-44362,0.030931903,0,0,0.712850828,1,0,0.047901563,0.789917173,0.795412401,1.808275833,0.59,1.36,3.460896709,0.752958509
191,46250.53649,12059.74273,2105241,-11231.61509,-1006.922523,78029,0.964133656,0,0,0.869400465,0.985625021,0,0.697010277,0.747828982,0.794610993,1.808275833,0.599481884,1.372075013,3.462874806,0.675767668
192,43440.8864,12001.32219,2016916,-2809.650091,-58.42053855,-88325,0.949552972,0.96967676,0,0,0,0,0.735900926,0.747828982,0.694007978,1.803031556,0.7231656,1.442798016,3.446959937,0.657874034
193,40289.2173,11948.63397,2173341,-3151.6691,-52.68821861,156425,0.76098192,0,0.024129799,0,0,0,0.758775663,0.751465889,0.798086053,1.741050189,0.723082852,1.45052452,3.383951793,0.650065771
194,36096.36911,10545.49671,2122264,-4192.848186,-1403.13726,-51077,0.005791222,0,0.71989863,0,0,0,0.808263131,0.80307768,0.818714013,1.674422356,0.722660025,1.450886928,3.381572419,0.636430997
195,42209.9327,11784.44398,1978478,6113.563585,1238.947269,-143786,0.931035682,0.980592818,0.681357093,0,0,1,0.023244223,0.747345996,0.748938589,1.675084026,0.722758161,1.450884216,3.147264768,0.759309995
196,46886.24787,13460.09766,2136922,4676.315165,1675.653681,158444,0.964133656,0.973732141,0.692597761,0,0,1,0,0.747866458,0.750004725,1.675191141,0.723082852,1.450878604,3.147813885,0.751256721
197,48222.42779,13186.15152,2190750,1336.179926,-273.946138,53828,0.88812531,0.972018919,0.686445727,0,0,1,0.102759746,0.758610569,0.722935043,1.690251832,0.722534221,1.450878604,3.147813885,0.652006957
198,43439.10263,11815.01665,2171401,-4783.325159,-1371.134873,-19349,0.005693745,0.914405583,0.079814098,0,0,0.992977227,0.881642809,0.803801878,0.749533356,1.77070753,0.723082852,1.450878604,3.193860825,0.59
199,40626.39502,11699.26915,2255146,-2812.707609,-115.7475041,83745,0,0.914405583,0.159216873,0,0,0,0.881642809,0.81932747,0.750004725,1.754515234,0.723082852,1.450878604,3.370131374,0.59
200,40937.05014,10787.55726,2007325,310.6551135,-911.7118898,-247821,0,0.016079413,0.075210821,0,0.969968673,0,0.881642809,0.81932747,0.81774597,1.77070753,0.723082852,1.29,3.337254523,0.589905294
201,39723.89147,11932.9785,1926323,-1213.158664,1145.421247,-81002,0,0,0.075210821,0,1,0,0,0.81932747,0.814415818,1.77070753,0.723044205,1.29,3.359387347,0.728457962
202,55492.75369,14216.68244,1923352,15768.86222,2283.703931,-2971,0,0.008982937,0.075210821,0.818171126,1,0,0,0.81932747,0.724178373,1.77070753,0.646508602,1.316881199,3.336187393,0.728627895
203,48482.39343,12118.39363,1974251,-7010.360262,-2098.288803,50899,0,1,0.0763037,0.831916114,0,0,0,0.81932747,0.65156952,1.769244599,0.652325718,1.447778236,3.399467001,0.728627895
204,44838.34763,11216.80755,2071237,-3644.045805,-901.5860842,96986,0,1,0.970179958,0,0,0,0.021199256,0.780474148,0.652895495,1.59,0.722788643,1.448861432,3.398043548,0.676136317
205,42260.1139,10202.20963,2124679,-2578.233723,-1014.597918,53442,0.996248154,0,0.04985385,0,0,0,1,0.738519448,0.685985213,1.769146582,0.724281047,1.419640583,3.393744883,0.627081051
206,42190.2995,9897.503789,2023371,-69.814402,-304.7058408,-101308,0.996248154,0,0.010552928,0,0.673626155,0,1,0.738519448,0.685922105,1.769580752,0.745578515,1.376816441,3.389722233,0.627081051
207,41604.71207,9963.281424,1975250,-585.5874342,65.77763578,-48121,0.996248154,0,0.010552928,0,0.673626155,0,0.99628691,0.743871775,0.686319397,1.769580752,0.824263329,1.376816441,3.38329785,0.641999892
208,41888.35791,10305.42653,2081954,283.6458388,342.1451031,106704,0,1,0.010552928,0,0.673626155,0,0,0.820009083,0.664376046,1.769580752,0.82414832,1.376816441,3.383751587,0.730260477
209,43159.93342,10697.20497,2105935,1271.575516,391.7784381,23981,0,1,0.010552928,0,0.673626155,0,0.026256996,0.820049909,0.669571721,1.769580752,0.824263329,1.383284166,3.386827302,0.678657533
210,38145.72893,9767.315077,1989860,-5014.204488,-929.8898883,-116075,0,0,0.010552928,0,0.341526723,0.372845373,0.976478854,0.820049909,0.818900195,1.769580752,0.824263329,1.446679751,3.23455548,0.629789172
212,36018.61072,9563.282788,1891567,-2127.11821,-204.0322889,-98293,0,0.003307916,0.010552928,0.014767108,0.341526723,0,0.976478854,0.820049909,0.781978094,1.769580752,0.823645618,1.446679751,3.384798519,0.63060046
213,53253.74587,13035.74893,2029776,17235.13515,3472.466145,138209,0.498802932,0.991915104,0.01070033,0,0.341526723,0,0.976478854,0.783218591,0.747888574,1.76909358,0.824263329,1.446321483,3.385916896,0.638699853
214,46789.88737,11131.2811,2057174,-6463.858496,-1904.467835,27398,0.508526099,0.991915104,0.010552928,0,0.33239131,0,0,0.785038454,0.747888574,1.769580752,0.824129058,1.446679751,3.386565845,0.732449579
215,39327.99017,10326.7583,1956555,-7461.897208,-804.522797,-100619,0.022804498,0.991915104,0.010552928,0,0.664998972,0,0,0.843817831,0.747884304,1.769580752,0.850672218,1.389506835,3.385318447,0.735194631
216,37369.27461,9598.713489,2144345,-1958.715557,-728.0448121,187790,0,0.991874378,0.03147616,0,0.315614823,0,0.007869491,0.919841553,0.747682231,1.71710109,0.924028147,1.471510907,3.384316728,0.715133583
217,44870.82011,10896.80366,1517678,7501.545503,1298.090168,-626667,0,0.991874378,0.963046109,0.04506942,0,0,0.985115653,0.919643876,0.747682231,1.63773455,0.759203273,1.54865865,3.385329457,0.677331547
218,40769.23697,9821.353598,1983683,-4101.583142,-1075.45006,466005,0,0.99194755,0.970532224,0.282021272,0,0,1,0.91912102,0.747325266,1.637975408,0.917077198,1.550379046,3.388087524,0.67621937
220,31673.42648,7828.832305,1760840,-9095.810487,-1992.521292,-222843,0.231198128,0.823468738,0.010495046,0,1,0,0,0.887060485,0.763634272,1.770288876,0.922758126,1.39,3.384226012,0.746346624
221,42974.43022,11367.91072,2029388,11301.00374,3539.078412,268548,0.231198128,0.319521987,0.026146824,0,1,0,0.008428914,0.886716004,0.813632098,1.695602663,0.922758126,1.39,3.384500934,0.720632555
222,46170.873,10075.86916,2014728,3196.442781,-1292.041559,-14660,0.231198128,0.634574242,0.970532224,0,1,0,1,0.890252008,0.746411493,1.59,0.922758126,1.39,3.385157991,0.679926599
223,39766.61739,10332.74861,2312218,-6404.255616,256.8794538,297490,0,0.412669409,0.970532224,0,1,0,0,0.918997862,0.811827258,1.59,0.922758126,1.405196724,3.38499526,0.746164248
224,28735.64725,7637.729929,1843088,-11030.97013,-2695.018684,-469130,0,0,0.974850555,0,0,0,0,0.918997862,0.817032288,1.59,0.922758126,1.550379046,3.385866436,0.746235132
225,109017.4359,-2124.041589,2100330,80281.78863,-9761.771518,257242,0,0,0.125510352,0.014391605,0,0,0,0.918997862,0.816550968,1.764687599,0.500393431,1.550379046,3.383143155,0.746079414
226,57309.12751,9013.224359,1967418,-51708.30838,11137.26595,-132912,0.770815384,0,0.010428265,0.585596791,0,0,0,0.689937571,0.817032288,1.770413611,0.813372009,1.550379046,3.385064264,0.746495802
227,50273.05739,9495.467857,1727548,-7036.070116,482.2434981,-239870,1,0,0.008876913,0,0,0.004386864,0,0.705270628,0.817032288,1.71139178,0.910859324,1.550427292,3.344712414,0.747725534
228,44492.22133,11057.20401,1915584,-5780.836058,1561.73615,188036,0,0,1,0,0,1,0,0.91912102,0.817032288,1.586838305,0.910168316,1.550688531,3.236047935,0.747725534
229,43265.76568,10917.81628,1788422,-1226.455655,-139.3877232,-127162,0,0,1,0,0,1,0,0.919017727,0.817032288,1.586848737,0.915222968,1.550428678,3.236047935,0.747182428
230,48736.23702,11279.83972,1921733,5470.47134,362.023438,133311,0,0,1,0,0,1,0.725042209,0.919276609,0.817148878,1.586838305,0.917879634,1.550311836,3.235781596,0.659881691
231,120671.7801,26984.69338,1820150,71935.5431,15704.85365,-101583,0,0.265476359,1,0,0,1,0.931923565,0.918899565,0.776931654,1.586838305,0.920546332,1.550688531,3.235207105,0.680690443
232,48736.23702,11279.83972,1864199,-71935.5431,-15704.85365,44049,0,0,1,0,0,1,0.725042209,0.919276609,0.817148878,1.586838305,0.917879634,1.550311836,3.235781596,0.659881691
233,120671.7801,26984.69338,2046248,71935.5431,15704.85365,182049,0,0.265476359,1,0,0,1,0.931923565,0.918899565,0.776931654,1.586838305,0.920546332,1.550688531,3.235207105,0.680690443
234,52901.66485,9242.084248,2018031,-67770.11527,-17742.60913,-28217,0.668469098,0.408922234,0.998074945,0.668867676,0.680214076,1,0.886585389,0.884236026,0.831097049,1.770826929,0.920832068,1.449999999,3.331895369,0.5
235,69654.56001,8742.723826,1912953,16752.89515,-499.3604217,-105078,0.78031641,0,0.880735879,0.957900227,0.680214076,1,0.99305697,0.884342131,0.890793707,1.500668064,0.660330773,1.449999999,3.220206681,0.537860099
236,48405.73133,8261.728353,1673048,-21248.82867,-480.9954731,-239905,0.73146613,0,0.111552453,0.394449085,0.682259676,1,0,0.660734285,0.891496258,1.766725846,0.904575233,1.449999999,3.220188271,0.746171528
237,47255.41889,9614.301536,2031613,-1150.312448,1352.573183,358565,0.394010328,0.892477863,0,0,0.680214076,1,0,0.876386515,0.690029954,1.770826929,0.918677478,1.45995875,3.220983772,0.745383455
238,38233.20432,10604.74922,2076701,-9022.214563,990.4476832,45088,0,0.551442776,0,0,0,1,0,0.886651996,0.875611156,1.77022216,0.916647848,1.550690218,3.220983772,0.745383455
239,41968.0996,9546.0559,1845870,3734.895282,-1058.693319,-230831,0.633042106,0.049848057,0,0,0,1,0,0.737753251,0.891496258,1.770826929,0.921638174,1.550688531,3.222879949,0.741508975
240,38090.9143,10434.98114,2079844,-3877.185302,888.925243,233974,0.434784117,0.049848057,0,0,0,0.988235304,0,0.875274142,0.890019595,1.785904629,0.905952522,1.528394784,3.248531756,0.734361877
241,40046.21243,10970.85175,1961676,1955.298126,535.8706035,-118168,0,0.049848057,0,0,0,0,0,0.876775196,0.88916967,1.818309389,0.891028886,1.512232375,3.383388029,0.733304335
242,46822.40692,9158.102116,1978377,6776.194491,-1812.749631,16701,0,0.049848057,0,0,0,0,0.709958243,0.880820618,0.785134857,1.818239592,0.891411943,1.511350619,3.3869705,0.580375366
243,41471.27911,7388.212952,1802598,-5351.12781,-1769.889164,-175779,0,0.989733357,0,0,0,0,0.953835625,0.879205607,0.69,1.81750398,0.890443036,1.51081928,3.387831696,0.619354258
244,42487.12494,8304.572357,2074511,1015.845829,916.3594053,271913,0,0.989733357,0,0,0,0,0,0.880209586,0.69,1.81750398,0.885164524,1.51081928,3.38340251,0.733725023
245,39124.57487,8285.734903,1988642,-3362.550064,-18.83745406,-85869,0,0.989733357,0,0,0,0,0,0.887270844,0.700618483,1.81750398,0.882630706,1.51081928,3.383376313,0.733909242
246,31968.98825,8915.533993,2123735,-7155.586627,629.7990895,135093,0,0.049848057,0,0,0,0,0,0.887270844,0.88916967,1.81750398,0.888367005,1.510882326,3.382908022,0.733426644
247,35672.29015,10457.78396,2032498,3703.301905,1542.249964,-91237,0,0.049848057,0.026390221,0,0,0,0,0.887270844,0.88916967,1.732952941,0.890443036,1.484066835,3.426231407,0.733426644
248,53907.66838,12396.42379,1979778,18235.37823,1938.639837,-52720,0,0.739497179,1,0.000503985,1,0,0,0.887213662,0.74412402,1.614273666,0.880410108,1.441752698,3.511792922,0.732458561
249,43326.50901,12428.09742,1586092,-10581.15938,31.67362226,-393686,0,0.537537407,1,0.003102431,1,0,0,0.887270844,0.879492098,1.614273666,0.888116438,1.441752698,3.511722118,0.733167516
250,41891.64218,7845.71853,2053634,-1434.866825,-4582.378886,467542,0,0.049848057,1,0.770116683,1,0,0,0.887178411,0.88916967,1.614273666,0.501512039,1.446623657,3.511722118,0.733426644
251,33490.45204,10392.47328,2154686,-8401.190138,2546.754751,101052,0,0.049848057,0.162000445,0.507393775,0,0,0,0.887270844,0.88916967,1.815098178,0.864032236,1.509013921,3.511722118,0.733426644
252,47038.38702,11129.35661,1970368,13547.93497,736.8833291,-184318,0.629764671,0.050965274,0,0,0,0,0,0.741326025,0.827038026,1.817035765,0.888225942,1.509013921,3.51333506,0.732260436
253,36903.8055,9708.899498,2104869,-10134.58151,-1420.457112,134501,0.440496079,0.989733357,0,0,0,0,0,0.877696281,0.746250061,1.816798896,0.888225942,1.508820746,3.516690716,0.732937047
254,33943.76141,9369.002491,1952608,-2960.044098,-339.8970071,-152261,0,0.989733357,0,0,0,0,0.050401838,0.887270844,0.746250061,1.816798896,0.888225942,1.484524892,3.516869604,0.720491792
255,136950.013,-25065.46905,2051193,103006.2516,-34434.47155,98585,0.734431894,0.989733357,0,0,1,0,0.921253814,0.709872187,0.722320035,1.816798896,0.390079142,1.441752698,3.516869604,0.69148632
256,51318.99257,11421.55047,2001313,-85631.02043,36487.01953,-49880,0.936843691,0.991106778,0.015131968,0.003783952,1,0.003958914,0.919306823,0.718566881,0.726923326,1.729880068,0.728004104,1.441752698,3.455635301,0.694802122
257,47088.07019,9185.972028,1797701,-4230.922378,-2235.578445,-203612,0.466929534,1,1,0,1,1,0.918099725,0.875635201,0.638587537,1.59,0.84974194,1.441730379,3.314047579,0.693952959
258,50744.18249,11872.26589,1686125,3656.1123,2686.293867,-111576,0.578821473,0.586318995,1,0.049209769,1,1,0.848937149,0.779446289,0.86341463,1.59,0.851554013,1.441752698,3.314116357,0.702804048
259,35182.61811,8555.704958,1131040,-15561.56438,-3316.560937,-555085,0.437561461,0,1,0.046787423,1,1,0.850430019,0.843086416,0.883804677,1.59,0.868669465,1.440558545,3.313778735,0.588904504
260,35363.88109,8233.11002,2068568,181.2629803,-322.5949384,937528,1,0,1,0,1,1,0.319916937,0.73345618,0.880608435,1.59,0.880501854,1.439561694,3.312515243,0.72087718
261,36069.70416,8846.731963,1992754,705.8230674,613.6219431,-75814,1,0,0.982675128,0,1,0.991196776,0,0.751452518,0.880461,1.621975178,0.881957668,1.439592878,3.362648273,0.730598695
266,34600.81868,11236.59595,1094480,-1468.885483,2389.863986,-898274,0,0,0,0,1,0,0,0.882905814,0.880608435,1.814799968,0.882060999,1.443206292,3.456255913,0.73072463
267,32076.43604,10371.65303,1748239,-2524.382639,-864.9429155,653759,0,0.017712535,0,0,0,1,0,0.882048611,0.877552462,1.814722149,0.881678345,1.505484305,3.311629817,0.729943965
268,38392.99702,10119.20955,1707399,6316.560985,-252.4434785,-40840,0.66670912,0.017712535,0,0,0,1,0,0.736181873,0.876153688,1.813978626,0.880317481,1.505146823,3.344527286,0.728079607
269,33365.84195,8677.528359,1424083,-5027.155076,-1441.681195,-283316,0.401118607,0,0,0,0,0,0.837526525,0.85248943,0.87858684,1.813978626,0.880317481,1.504976075,3.509916237,0.635664413
270,42826.38147,7668.736848,1681154,9460.539526,-1008.791511,257071,0.922364273,0.824141713,0,0,0,0,0.313225338,0.821459166,0.660288806,1.813978626,0.880317481,1.504879665,3.509656937,0.699284192
271,36968.523,9660.099943,2295875,-5857.858472,1991.363095,614721,0.922364273,0.412101454,0,0,0,0,0.910546907,0.825093663,0.865097518,1.819267484,0.880788022,1.505146823,3.510498141,0.661083023
272,64396.87571,12779.89223,1720211,27428.35271,3119.792291,-575664,0,0,0,0.828797908,0,0,0.910546907,0.882032285,0.883368167,1.845614963,0.59,1.505146823,3.510498141,0.661083023
273,39672.94133,9768.249325,1921148,-24723.93437,-3011.642908,200937,0.757572231,0.020909283,0.014712277,0.511674845,0.003226243,0,0.910546907,0.72407656,0.860944181,1.820502112,0.847175059,1.483989863,3.469911339,0.661083023
274,36058.3163,9739.435497,1357788,-3614.625035,-28.81382792,-563360,0.429864152,0.922172765,1,0.014782348,0.938422155,1,0.910546907,0.874290639,0.824399659,1.773447728,0.852883335,1.434245988,3.367283839,0.661083023
275,35242.9098,9398.668481,1489289,-815.406502,-340.7670168,131501,0,0.922172765,1,0.920579399,0.938422155,1,0.910546907,0.882032285,0.823864158,1.773447728,0.820886601,1.434245988,3.36781735,0.661083023
276,27298.75184,7539.283291,1911836,-7944.157953,-1859.38519,422547,0,0.917260123,1,0.920579399,0.938271358,1,0.910546907,0.882032285,0.828645267,1.773447728,0.820863166,1.434112045,3.367740932,0.661083023
277,44667.84322,10000.8412,1960056,17369.09137,2461.557908,48220,0.68777659,0,1,0.920579399,0.938271358,1,0.910546907,0.745204108,0.882699598,1.773216557,0.821095371,1.434112045,3.36759758,0.661083023
280,27020.14598,6269.475706,1813356,-17647.69723,-3731.365492,-146700,0,0,1,1,0.938222847,1,0.90996642,0.882032285,0.882694774,1.773447728,0.713309869,1.43406896,3.367757828,0.660899386
281,73198.21334,13074.24584,1909047,46178.06736,6804.770135,95691,0.698880191,0,1,1,0.938173837,1,0.182534557,0.686002114,0.87650529,1.773447728,0.712689115,1.434263136,3.367733035,0.726140839
282,47308.22068,9574.740636,1822344,-25889.99266,-3499.505205,-86703,0.001728181,0.013206431,0.08245664,1,0.938173837,0.093696032,0,0.851045288,0.852998792,1.844522796,0.689919051,1.436920434,3.510355716,0.728417893
283,39558.32586,10214.22514,1989206,-7749.894822,639.4845069,166862,0.922364273,0.861732314,0.027761209,0.383032424,0,0,0.002163067,0.820172295,0.813501159,1.814900425,0.846368107,1.50508974,3.509943955,0.704367865
286,59912.67352,14206.70021,1822297,20354.34766,3992.475071,-166909,0.93114451,0.919947302,0.517460748,0,0,0,0,0.814728333,0.689655827,1.695187695,0.817994095,1.50668368,3.508644919,0.728160561
287,131863.1091,31561.3381,1960324,71950.43557,17354.63788,138027,0.356343699,0.538058614,0,0,0,0,0,0.685808403,0.855031226,1.828148348,0.872492236,1.50546592,3.50807929,0.727898615
288,38258.58832,10454.83069,1864038,-93604.52077,-21106.5074,-96286,0.248340996,0,0,0.01595507,0,0,0.879952587,0.798376536,0.870754141,1.831581485,0.765335924,1.50546592,3.509519245,0.500041843
289,35468.36074,11481.53018,1825462,-2790.22758,1026.699488,-38576,0.93114451,0,0,1,0.003674058,0,0.16155362,0.718261175,0.877224565,1.812546164,0.690885107,1.439137932,3.512904261,0.681072421
290,38914.99786,9999.971576,1834216,3446.637123,-1481.558607,8754,0,0,0,1,1,0,0.907938018,0.631688788,0.877224565,1.81162376,0.691531429,1.333339551,3.512783457,0.623934459
291,36780.41241,9363.407746,1386253,-2134.585456,-636.5638299,-447963,0.016642158,0.008485347,0,0.994591203,1,0,0.907938018,0.629451276,0.834688925,1.828997887,0.719221027,1.333339551,3.512177583,0.623903439
292,31390.84869,8611.591466,1746031,-5389.563721,-751.81628,359778,0.016642158,1,0,0,1,0,0.903535687,0.671591693,0.764337213,1.828675234,0.877932004,1.333339551,3.511514953,0.656460531
293,41133.353,9501.090352,1835056,9742.504316,889.498886,89025,0.793480356,1,0,0,1,0,0.628905328,0.66082682,0.774754419,1.829638216,0.878530869,1.347015105,3.511978532,0.652311081
294,40749.64475,7541.663696,1861680,-383.7082559,-1959.426656,26624,0.371182033,0,0,0.922565369,0,0,0.723723973,0.873105739,0.884692713,1.829638216,0.660164729,1.505192035,3.51257877,0.673202157
295,37501.24416,10396.42157,1828001,-3248.400584,2854.757872,-33679,0.757463449,0.002239088,0,0.459653033,0,0,0,0.660822847,0.867342453,1.823924408,0.857572201,1.50546592,3.512859102,0.728680329
296,32147.31797,8986.887451,2036450,-5353.926192,-1409.534118,208449,0.412804782,0.768499516,0,0,0.014192912,0,0,0.872597453,0.715304949,1.829638216,0.882424655,1.34394832,3.495005548,0.728680329
297,40639.30275,8434.020665,1966625,8491.984783,-552.8667858,-69825,0,0,0,0,1,0.842674103,0,0.882906805,0.612235718,1.829638216,0.882424655,1.221795571,3.46601213,0.728680329
298,34097.54292,8644.047318,1949767,-6541.759838,210.0266532,-16858,0,0,0.035566981,0.009084685,1,0.842364321,0.629759353,0.875767893,0.649077965,1.809376808,0.856893284,1.2723978,3.46602398,0.65293902
299,39546.98315,12107.83852,1700215,5449.440232,3463.7912,-249552,0.185631446,0.648949757,0.830598732,0.784927805,0.829153181,0.840292763,0.222459601,0.866330402,0.781042541,1.779607624,0.833237054,1.442500343,3.471370612,0.724317864
300,35557.73772,11484.71184,1772545,-3989.245428,-623.1266766,72330,0.185631446,0.811775164,0.830598732,0.784927805,0.829153181,0.013987499,0,0.868604101,0.788678097,1.779607624,0.83262954,1.44734811,3.495227984,0.729981178
301,46153.96199,12240.38776,1995602,10596.22427,755.6759176,223057,0.756248342,0.808602333,0.830598732,0.784927805,0.009078443,0.829069857,0,0.660432061,0.817281851,1.779607624,0.833030045,1.480672795,3.466440719,0.732227407
302,39531.596,12715.09306,1720750,-6622.36599,474.7053023,-274852,0.501265805,0.809995726,0.826059209,0.783124894,0.829153181,0.82389484,0,0.873408424,0.78071079,1.783607882,0.837258614,1.447673509,3.470428238,0.732227407
303,32321.61871,10786.26104,2037216,-7209.977292,-1928.832024,316466,0,0.811440654,0,0,0.829153181,0,0,0.885741402,0.780889786,1.829638216,0.882424655,1.45328015,3.512959115,0.732227407
304,41637.5156,10843.62372,1815017,9315.89689,57.36268003,-222199,0.691943914,0.374805502,0,0,0.829153181,0,0,0.640664192,0.878626085,1.829638216,0.882424655,1.458573459,3.512828316,0.732227407
305,59348.61046,14333.52963,2000168,17711.09486,3489.905911,185151,0.540528226,0.51080574,0,0,0,0,0,0.860615636,0.660430193,1.771172242,0.882424655,1.512335159,3.476532545,0.732227407
306,44637.5282,11821.77037,1944260,-14711.08226,-2511.759264,-55908,0.783301199,0,0,0,0,0,0.941798176,0.852329849,0.867632565,1.696391315,0.882424655,1.512335159,3.418236593,0.599421663
307,64426.24183,7378.65876,1892541,19788.71363,-4443.111605,-51719,1,0,0,0,0,0,0,0.59,0.884411827,1.696391315,0.883059405,1.512412759,3.418610709,0.714738841
308,31378.4614,9943.233413,1331389,-33047.78043,2564.574653,-561152,0.009179839,0,0.762198657,0.775385823,0,0,0,0.86717094,0.886652081,1.667678369,0.85463165,1.513161534,3.418033357,0.732227407
309,53530.40219,17915.69177,1693942,22151.94079,7972.458356,362553,1,0,0.809890444,0.770147628,0,0,0,0.689785946,0.885753556,1.654615178,0.84823366,1.513067919,3.418722725,0.732369434
310,49243.90374,13641.01402,1724099,-4286.498456,-4274.677748,30157,0.053273657,0.938640208,0,0,0,0,0,0.875043202,0.69,1.696391315,0.883864546,1.513067919,3.418610709,0.732006935
311,47801.35046,12169.80271,1951332,-1442.553275,-1471.211309,227233,1,0.880971534,0,0,0.953887719,0,0,0.593032933,0.740068326,1.696413809,0.884763366,1.388265328,3.418890383,0.732227407
312,25756.291,7616.816698,1989727,-22045.05946,-4552.986014,38395,1,0,0,0,0,0,0,0.59,0.877636897,1.696193916,0.884763366,1.503586725,3.4204223,0.732227407
313,34950.58518,9246.934002,1901345,9194.294177,1630.117305,-88382,1,0.80136273,0.839786924,0.804269644,0,0.570071369,0.939908144,0.59,0.840724817,1.643273829,0.836257942,1.515070896,3.406232691,0.590739688
318,30038.5882,9951.281441,1874264,-4911.996984,704.3474381,-27081,0.791159126,0,0,0,0,0.829055361,0,0.853528319,0.887581858,1.696391315,0.885958583,1.514019081,3.381412836,0.732227407
319,30115.06703,10176.89913,1714703,76.47883069,225.6176943,-159561,0,0,0,0,0,0,0,0.88652765,0.887581858,1.696391315,0.885958583,1.514104838,3.418705792,0.732227407
320,28505.26309,9359.794966,1888364,-1609.803932,-817.1041693,173661,0,0,0.731372399,0.763711083,0,0,0,0.886593189,0.887581858,1.671992754,0.860625354,1.514019081,3.420015325,0.732227407
321,32973.34508,9825.95768,1832819,4468.081982,466.1627143,-55545,0,0.787309539,0.83371432,0.790975815,0.797477995,0,0,0.886593189,0.860268235,1.650976292,0.84300555,1.476826644,3.418079423,0.732227407
322,41647.96254,11668.49351,1811094,8674.617467,1842.535829,-21725,0.791159126,0.791505611,0.832314182,0.792451879,0.821414802,0,0,0.784714945,0.842691117,1.650976292,0.84300555,1.442056117,3.419699969,0.732227407
323,32456.99749,9063.681103,1961861,-9190.965056,-2604.812406,150767,0,0.791889708,0.815790926,0.790178455,0.828494357,0,0,0.882923827,0.842691117,1.658544541,0.84300555,1.442056117,3.418912695,0.732227407
324,24127.4724,6850.168918,1642487,-8329.525087,-2213.512184,-319374,0,0.791889708,0,0.765149355,0.828494357,0,0,0.886593189,0.842691117,1.695731328,0.852045126,1.442056117,3.418598087,0.732227407
325,30984.24748,8621.829707,1910515,6856.775075,1771.660789,268028,0,0.791889708,0,0,0.824442722,0.753070432,0,0.886844822,0.843367652,1.696559689,0.886457571,1.458745464,3.398861056,0.732358359
326,32021.20908,8692.420507,1809870,1036.961609,70.59080002,-100645,0.294517178,0.762969557,0,0,0,0.781968371,0,0.864737557,0.849877021,1.697155416,0.886773767,1.514913405,3.379461878,0.732982326
327,31538.85854,7594.698918,1976284,-482.3505428,-1097.721589,166414,0.294517178,0.855040736,0,0,0.743175392,0.7864835,0,0.868951634,0.747832565,1.697349896,0.886773767,1.473019394,3.38476433,0.732982326
328,22803.35967,5464.304032,1882979,-8735.498872,-2130.394886,-93305,0,0.855040736,0,0,0.789275244,0.774891997,0,0.88695211,0.747693889,1.697349896,0.886773767,1.439184662,3.379643353,0.732982326
329,27573.70481,7534.485762,1863766,4770.345141,2070.18173,-19213,0,0,0,0,0.788916898,0,0,0.888068026,0.883257968,1.697349896,0.886773767,1.439184662,3.419796618,0.732982326
330,142463.8399,-11525.86436,1835608,114890.135,-19060.35013,-28158,0,0,0.910713353,0.954781254,0.783670142,0,0,0.887684329,0.888851328,1.499830455,0.425081609,1.451114999,3.421091209,0.732661536
331,32584.16126,8782.423026,1739538,-109879.6786,20308.28739,-96070,0,0,0,0,0,0,0.730191318,0.887741298,0.888851328,1.691852267,0.750126137,1.514215306,3.420268887,0.677567224
372,33219.57434,10352.58818,1178359,635.4130793,1570.16515,-561179,0.010520887,0.79201167,0,0,0,0,0,0.887032926,0.84479297,1.690842638,0.885999802,1.515470609,3.419422298,0.78377138
373,46635.79206,12867.39412,1597037,13416.21772,2514.80594,418678,0.808284236,0.808256607,0,0,0,0,0,0.780409852,0.8460721,1.693601308,0.887393028,1.515645831,3.420431501,0.800167056
374,34738.99503,11608.41345,1615023,-11896.79703,-1258.980664,17986,0,0.807012954,0.000706456,0.000172864,0,0,0,0.907265013,0.852345088,1.69130753,0.913439002,1.520446579,3.428728785,0.85940824
375,31535.89316,11303.0287,1922119,-3203.10186,-305.3847526,307096,0,0.000109902,0,0,0,0,0,0.971449751,0.898245873,1.69743719,0.992343065,1.520347963,3.429091074,0.85940824
376,35031.50066,11883.91359,2296200,3495.607496,580.8848927,374081,0,0.000109902,0,0,0.674181378,0.661730146,0,0.971310302,0.898245873,1.696176647,0.992343065,1.482292136,3.348579356,0.85940824
377,34708.65427,11125.69295,1677168,-322.8463917,-758.2206365,-619032,0,0.000109902,0,0,0.843326843,0.841224085,0,0.971449751,0.898245873,1.698878013,0.990416421,1.425178004,3.18079524,0.85940824
378,26429.37437,8500.480234,1944649,-8279.279903,-2625.212721,267481,0,0.000109902,0,0,0.847433304,0.832418134,0,0.971080289,0.898245873,1.697871971,0.991452616,1.425154564,3.230910309,0.859427525
379,36024.2568,11940.94124,1926320,9594.882434,3440.461008,-18329,0,0.00011122,0,0,0.843326843,0.841224085,0,0.971456135,0.898798344,1.69831841,0.989762441,1.425178004,3.429091074,0.859433765
380,36919.70942,12597.83134,2060374,895.4526161,656.8901009,134054,0,0.000109902,0,0,0.846308201,0.840903175,0,0.971037833,0.897862516,1.699148542,0.99245701,1.42512661,3.429170537,0.859433765
381,30286.75155,10193.13597,1911717,-6632.957869,-2404.695374,-148657,0,0.00011122,0,0,0.83736791,0.841224085,0,0.971504768,0.899630409,1.699613986,0.99245701,1.450909546,3.429091074,0.859433765
382,32771.90286,11246.77413,1758712,2485.151317,1053.638157,-153005,0,0.00011122,0,0,0,0.834935508,0,0.971504768,0.899630409,1.700236954,0.990137159,1.519919103,3.429573708,0.859433765
383,40871.913,14072.41507,1788187,8100.010131,2825.640943,29475,0,0.000109902,0,0,0,0.829992216,0,0.971504768,0.898245873,1.700465391,0.991568415,1.520446579,3.429091074,0.859433765
388,199021.6795,83727.87847,2052069,158149.7665,69655.46341,263882,0,0,0.845835397,1,0,0,0,0.957509269,0.889002724,1.587031851,0.687745988,1.519740475,3.412511249,0.859433765
389,76707.91884,24540.61929,1746952,-122313.7607,-59187.25919,-305117,0.192153751,0,0,0,0,0,0,0.790202123,0.898020136,1.69364053,0.874712891,1.519919103,3.39120275,0.859433765
390,56744.30914,17253.94577,1659875,-19963.6097,-7286.673514,-87077,0.003627049,0,0,0,0,0.752876248,0.999502667,0.940588276,0.896282366,1.692407239,0.948746787,1.519854292,3.365329493,0.69
391,48219.85144,15442.45485,1791648,-8524.457698,-1811.490929,131773,1,0,0,0,0,1,0,0.62146862,0.899697301,1.692986652,0.915358642,1.5202482,3.319612944,0.84024776
394,47963.19093,16625.37357,2113718,-256.6605106,1182.91872,322070,0.959257597,0.029555636,0,0,0,0.997960325,0,0.867359228,0.889999757,1.684911097,0.91212763,1.519790042,3.319612944,0.859433765
395,31889.30379,11466.24111,2017553,-16073.88713,-5159.132453,-96165,0,0.029555636,0,0,0,0.994591915,0,0.95138942,0.889999757,1.691425695,0.920773334,1.520006427,3.322039312,0.859433765
396,34322.65192,12336.47595,1653455,2433.34813,870.2348371,-364098,0,0.470597489,0,0,0,0,0,0.957442213,0.875227739,1.693030823,0.92034435,1.519919103,3.393017702,0.859433765
397,35959.1256,12708.66749,2047570,1636.473681,372.1915376,394115,0,0.758997406,0,0,0,0,0,0.957523498,0.863321817,1.69317421,0.920773334,1.51901331,3.393648248,0.859433765
398,34884.87731,12366.51651,1927384,-1074.24829,-342.1509737,-120186,0,0.758997406,0,0,0,0,0,0.957442213,0.864067956,1.693108765,0.920773334,1.519740475,3.39343158,0.859433765
